tau,sigma_0.05_mean,sigma_0.10_mean,sigma_0.15_mean,sigma_0.20_mean,sigma_0.25_mean,sigma_0.30_mean,sigma_0.35_mean,sigma_0.40_mean,sigma_0.45_mean,sigma_0.50_mean,sigma_0.55_mean,sigma_0.60_mean,sigma_0.65_mean,sigma_0.70_mean,sigma_0.75_mean,sigma_0.80_mean,sigma_0.85_mean,sigma_0.90_mean,sigma_0.95_mean,sigma_1.00_mean,sigma_0.05_sem,sigma_0.10_sem,sigma_0.15_sem,sigma_0.20_sem,sigma_0.25_sem,sigma_0.30_sem,sigma_0.35_sem,sigma_0.40_sem,sigma_0.45_sem,sigma_0.50_sem,sigma_0.55_sem,sigma_0.60_sem,sigma_0.65_sem,sigma_0.70_sem,sigma_0.75_sem,sigma_0.80_sem,sigma_0.85_sem,sigma_0.90_sem,sigma_0.95_sem,sigma_1.00_sem
0,1.000000,1.000000,1.000000,1.000000,1.000000,1.000000,1.000000,1.000000,1.000000,1.000000,1.000000,1.000000,1.000000,1.000000,1.000000,1.000000,1.000000,1.000000,1.000000,1.000000,0.000000,0.000000,0.000000,0.000000,0.000000,0.000000,0.000000,0.000000,0.000000,0.000000,0.000000,0.000000,0.000000,0.000000,0.000000,0.000000,0.000000,0.000000,0.000000,0.000000
1,0.986119,0.985604,0.984868,0.984046,0.983271,0.982650,0.982269,0.982234,0.982175,0.982358,0.983292,0.984235,0.984457,0.984449,0.984679,0.985581,0.986108,0.986377,0.985747,0.985136,0.000189,0.000181,0.000206,0.000258,0.000327,0.000408,0.000509,0.000684,0.000609,0.000533,0.000726,0.000593,0.000562,0.000551,0.000469,0.000449,0.000408,0.000408,0.000376,0.000265
2,0.972473,0.971487,0.970068,0.968477,0.966971,0.965763,0.965018,0.964947,0.964829,0.965187,0.967019,0.968852,0.969290,0.969260,0.969696,0.971452,0.972499,0.973018,0.971757,0.970529,0.000383,0.000368,0.000413,0.000512,0.000645,0.000803,0.001000,0.001344,0.001192,0.001038,0.001423,0.001168,0.001092,0.001069,0.000909,0.000876,0.000800,0.000807,0.000740,0.000520
3,0.959019,0.957582,0.955508,0.953178,0.950972,0.949201,0.948109,0.948005,0.947829,0.948354,0.951063,0.953755,0.954395,0.954337,0.954972,0.957571,0.959118,0.959881,0.958004,0.956170,0.000561,0.000543,0.000617,0.000768,0.000967,0.001201,0.001492,0.001999,0.001773,0.001544,0.002111,0.001728,0.001625,0.001596,0.001357,0.001302,0.001191,0.001194,0.001103,0.000789
4,0.945802,0.943939,0.941242,0.938208,0.935332,0.933020,0.931591,0.931453,0.931216,0.931904,0.935460,0.938962,0.939801,0.939705,0.940519,0.943929,0.945961,0.946968,0.944484,0.942071,0.000725,0.000709,0.000815,0.001021,0.001286,0.001593,0.001976,0.002639,0.002334,0.002025,0.002768,0.002276,0.002118,0.002071,0.001766,0.001695,0.001561,0.001568,0.001446,0.001051
5,0.932765,0.930496,0.927203,0.923494,0.919972,0.917136,0.915381,0.915207,0.914906,0.915741,0.920124,0.924423,0.925455,0.925322,0.926301,0.930511,0.933019,0.934271,0.931181,0.928226,0.000899,0.000882,0.001013,0.001266,0.001592,0.001972,0.002444,0.003265,0.002888,0.002503,0.003427,0.002824,0.002591,0.002524,0.002155,0.002080,0.001925,0.001949,0.001790,0.001310
6,0.919872,0.917233,0.913388,0.909047,0.904921,0.901594,0.899532,0.899325,0.898962,0.899940,0.905121,0.910184,0.911404,0.911224,0.912372,0.917350,0.920324,0.921817,0.918111,0.914608,0.001064,0.001045,0.001207,0.001515,0.001908,0.002363,0.002926,0.003895,0.003449,0.002993,0.004089,0.003385,0.003060,0.002961,0.002535,0.002459,0.002276,0.002323,0.002122,0.001561
7,0.907193,0.904213,0.899854,0.894926,0.890234,0.886448,0.884101,0.883872,0.883452,0.884567,0.890525,0.896320,0.897709,0.897478,0.898784,0.904510,0.907930,0.909655,0.905355,0.901304,0.001225,0.001205,0.001394,0.001752,0.002207,0.002734,0.003385,0.004502,0.003993,0.003469,0.004735,0.003919,0.003541,0.003402,0.002922,0.002846,0.002631,0.002702,0.002457,0.001816
8,0.894654,0.891349,0.886499,0.881005,0.875769,0.871540,0.868916,0.868663,0.868184,0.869430,0.876136,0.882640,0.884201,0.883920,0.885375,0.891841,0.895696,0.897641,0.892775,0.888192,0.001377,0.001363,0.001588,0.002001,0.002523,0.003123,0.003862,0.005122,0.004552,0.003960,0.005388,0.004457,0.004030,0.003847,0.003303,0.003225,0.002967,0.003065,0.002773,0.002046
9,0.882297,0.878677,0.873349,0.867306,0.861540,0.856878,0.853983,0.853704,0.853163,0.854527,0.861966,0.869155,0.870870,0.870545,0.872140,0.879341,0.883632,0.885788,0.880353,0.875232,0.001526,0.001521,0.001781,0.002247,0.002833,0.003505,0.004329,0.005730,0.005105,0.004454,0.006047,0.005004,0.004523,0.004293,0.003694,0.003620,0.003305,0.003428,0.003095,0.002287
10,0.870110,0.866207,0.860443,0.853894,0.847638,0.842575,0.839429,0.839128,0.838532,0.840015,0.848160,0.856013,0.857871,0.857499,0.859222,0.867119,0.871821,0.874191,0.868175,0.862528,0.001704,0.001711,0.002003,0.002517,0.003160,0.003897,0.004802,0.006334,0.005654,0.004939,0.006689,0.005534,0.005004,0.004733,0.004085,0.004003,0.003619,0.003774,0.003425,0.002535
11,0.858079,0.853903,0.847716,0.840675,0.833942,0.828488,0.825097,0.824776,0.824126,0.825723,0.834567,0.843075,0.845069,0.844634,0.846482,0.855058,0.860157,0.862752,0.856179,0.850011,0.001875,0.001894,0.002214,0.002770,0.003468,0.004269,0.005253,0.006915,0.006177,0.005393,0.007296,0.006022,0.005472,0.005174,0.004471,0.004381,0.003947,0.004123,0.003747,0.002764
12,0.846186,0.841762,0.835183,0.827683,0.820501,0.814679,0.811059,0.810721,0.810017,0.811725,0.821249,0.830390,0.832511,0.832004,0.833964,0.843200,0.848653,0.851463,0.844350,0.837664,0.002059,0.002086,0.002425,0.003015,0.003759,0.004617,0.005675,0.007463,0.006664,0.005810,0.007868,0.006479,0.005912,0.005594,0.004852,0.004771,0.004289,0.004483,0.004075,0.002990
13,0.834539,0.829890,0.822949,0.815021,0.807421,0.801255,0.797419,0.797068,0.796311,0.798115,0.808298,0.818041,0.820274,0.819689,0.821739,0.831612,0.837413,0.840440,0.832817,0.825633,0.002225,0.002264,0.002627,0.003252,0.004041,0.004954,0.006082,0.007989,0.007130,0.006205,0.008416,0.006918,0.006319,0.005998,0.005218,0.005139,0.004619,0.004815,0.004375,0.003205
14,0.822993,0.818113,0.810813,0.802465,0.794457,0.787956,0.783912,0.783552,0.782739,0.784636,0.795465,0.805791,0.808156,0.807495,0.809627,0.820136,0.826292,0.829541,0.821443,0.813777,0.002386,0.002433,0.002814,0.003470,0.004301,0.005266,0.006463,0.008490,0.007572,0.006585,0.008957,0.007366,0.006687,0.006363,0.005554,0.005493,0.004940,0.005145,0.004665,0.003399
15,0.811616,0.806514,0.798874,0.790133,0.781744,0.774933,0.770700,0.770341,0.769476,0.771461,0.782921,0.793806,0.796283,0.795547,0.797753,0.808881,0.815385,0.818863,0.810303,0.802153,0.002545,0.002598,0.002993,0.003675,0.004543,0.005556,0.006818,0.008963,0.007981,0.006926,0.009460,0.007776,0.007040,0.006722,0.005884,0.005838,0.005258,0.005456,0.004938,0.003593
16,0.800398,0.795089,0.787131,0.778024,0.769282,0.762183,0.757777,0.757424,0.756510,0.758581,0.770650,0.782064,0.784648,0.783832,0.786099,0.797828,0.804669,0.808369,0.799354,0.790745,0.002689,0.002737,0.003138,0.003842,0.004745,0.005805,0.007132,0.009394,0.008351,0.007235,0.009939,0.008172,0.007364,0.007061,0.006196,0.006164,0.005565,0.005755,0.005201,0.003783
17,0.789331,0.783820,0.775560,0.766105,0.757029,0.749661,0.745096,0.744759,0.743802,0.745957,0.758632,0.770563,0.773229,0.772329,0.774648,0.786967,0.794131,0.798042,0.788601,0.779550,0.002830,0.002873,0.003278,0.003999,0.004932,0.006034,0.007423,0.009801,0.008694,0.007516,0.010393,0.008535,0.007687,0.007406,0.006519,0.006503,0.005889,0.006057,0.005470,0.003969
18,0.778458,0.772770,0.764236,0.754462,0.745076,0.737456,0.732740,0.732413,0.731410,0.733642,0.746894,0.759316,0.762057,0.761067,0.763433,0.776342,0.783828,0.787940,0.778077,0.768568,0.002999,0.003042,0.003451,0.004184,0.005141,0.006282,0.007727,0.010213,0.009045,0.007803,0.010841,0.008881,0.008018,0.007757,0.006845,0.006840,0.006201,0.006346,0.005735,0.004155
19,0.767737,0.761889,0.753102,0.743032,0.733357,0.725501,0.720641,0.720327,0.719273,0.721573,0.735381,0.748262,0.751066,0.749985,0.752383,0.765876,0.773691,0.778007,0.767724,0.757752,0.003162,0.003210,0.003624,0.004369,0.005349,0.006524,0.008024,0.010616,0.009384,0.008079,0.011277,0.009219,0.008331,0.008087,0.007155,0.007160,0.006498,0.006619,0.005979,0.004324
20,0.757147,0.751146,0.742116,0.731761,0.721807,0.713723,0.708728,0.708428,0.707327,0.709694,0.724053,0.737387,0.740237,0.739063,0.741482,0.755558,0.763699,0.768216,0.757524,0.747110,0.003343,0.003397,0.003814,0.004565,0.005560,0.006765,0.008316,0.011012,0.009717,0.008345,0.011704,0.009534,0.008659,0.008432,0.007483,0.007494,0.006809,0.006906,0.006250,0.004528
21,0.746707,0.740558,0.731297,0.720670,0.710452,0.702152,0.697029,0.696749,0.695604,0.698031,0.712927,0.726710,0.729599,0.728319,0.730763,0.745416,0.753872,0.758596,0.747493,0.736648,0.003525,0.003586,0.004005,0.004761,0.005771,0.007004,0.008603,0.011400,0.010048,0.008618,0.012138,0.009848,0.009000,0.008798,0.007829,0.007836,0.007121,0.007183,0.006506,0.004706
22,0.736396,0.730101,0.720614,0.709724,0.699252,0.690744,0.685499,0.685238,0.684049,0.686537,0.701956,0.716169,0.719101,0.717715,0.720183,0.735419,0.744186,0.749117,0.737607,0.726325,0.003700,0.003771,0.004197,0.004962,0.005989,0.007250,0.008898,0.011793,0.010386,0.008900,0.012577,0.010170,0.009328,0.009152,0.008154,0.008158,0.007398,0.007431,0.006735,0.004869
23,0.726273,0.719837,0.710134,0.698995,0.688280,0.679576,0.674214,0.673972,0.672737,0.675284,0.691214,0.705843,0.708821,0.707330,0.709816,0.725611,0.734683,0.739817,0.727917,0.716204,0.003873,0.003950,0.004383,0.005160,0.006208,0.007501,0.009199,0.012191,0.010730,0.009191,0.013011,0.010505,0.009652,0.009474,0.008455,0.008467,0.007664,0.007689,0.006960,0.005042
24,0.716301,0.709727,0.699817,0.688436,0.677487,0.668592,0.663117,0.662892,0.661612,0.664216,0.680648,0.695689,0.698697,0.697105,0.699598,0.715950,0.725317,0.730663,0.718397,0.706262,0.004026,0.004120,0.004572,0.005371,0.006446,0.007773,0.009521,0.012603,0.011091,0.009494,0.013446,0.010844,0.009984,0.009813,0.008777,0.008794,0.007938,0.007940,0.007166,0.005199
25,0.706448,0.699734,0.689617,0.678003,0.666829,0.657753,0.652173,0.651969,0.650650,0.653316,0.670249,0.685694,0.688714,0.687020,0.689536,0.706440,0.716100,0.721641,0.709027,0.696476,0.004195,0.004304,0.004772,0.005588,0.006684,0.008041,0.009833,0.013003,0.011436,0.009778,0.013860,0.011145,0.010306,0.010148,0.009107,0.009133,0.008226,0.008196,0.007379,0.005361
26,0.696738,0.689892,0.679581,0.667744,0.656355,0.647105,0.641422,0.641234,0.639879,0.642606,0.660024,0.675859,0.678884,0.677084,0.679617,0.697053,0.707010,0.712734,0.699782,0.686818,0.004376,0.004506,0.004993,0.005828,0.006947,0.008335,0.010173,0.013429,0.011811,0.010090,0.014294,0.011456,0.010636,0.010490,0.009428,0.009461,0.008485,0.008445,0.007591,0.005519
27,0.687158,0.680181,0.669681,0.657631,0.646039,0.636624,0.630846,0.630674,0.629288,0.632084,0.649978,0.666188,0.669225,0.667320,0.669871,0.687840,0.698086,0.703998,0.690710,0.677313,0.004548,0.004698,0.005206,0.006063,0.007208,0.008629,0.010512,0.013852,0.012185,0.010401,0.014717,0.011774,0.010947,0.010818,0.009723,0.009754,0.008714,0.008663,0.007783,0.005658
28,0.677710,0.670612,0.659936,0.647686,0.635900,0.626328,0.620457,0.620302,0.618878,0.621725,0.640078,0.656657,0.659699,0.657694,0.660265,0.678758,0.689291,0.695382,0.681747,0.667928,0.004715,0.004886,0.005415,0.006294,0.007464,0.008917,0.010846,0.014267,0.012558,0.010719,0.015149,0.012093,0.011274,0.011157,0.010025,0.010058,0.008952,0.008882,0.007968,0.005797
29,0.668323,0.661106,0.650258,0.637812,0.625837,0.616112,0.610149,0.610010,0.608548,0.611446,0.630248,0.647178,0.650245,0.648126,0.650717,0.669731,0.680555,0.686815,0.672841,0.658609,0.004885,0.005072,0.005618,0.006515,0.007707,0.009188,0.011161,0.014665,0.012908,0.011009,0.015552,0.012396,0.011575,0.011471,0.010316,0.010355,0.009182,0.009093,0.008146,0.005940
30,0.659122,0.651804,0.640804,0.628181,0.616034,0.606165,0.600118,0.599993,0.598486,0.601421,0.620645,0.637907,0.640990,0.638742,0.641349,0.660874,0.671969,0.678396,0.664074,0.649436,0.005052,0.005249,0.005804,0.006714,0.007923,0.009432,0.011447,0.015030,0.013228,0.011279,0.015943,0.012693,0.011851,0.011769,0.010592,0.010650,0.009402,0.009298,0.008316,0.006079
31,0.650092,0.642676,0.631530,0.618739,0.606428,0.596426,0.590298,0.590188,0.588638,0.591612,0.611252,0.628837,0.631940,0.629563,0.632180,0.652203,0.663561,0.670160,0.655514,0.640466,0.005202,0.005412,0.005982,0.006907,0.008136,0.009671,0.011726,0.015385,0.013537,0.011540,0.016327,0.012984,0.012129,0.012071,0.010864,0.010935,0.009607,0.009482,0.008469,0.006201
32,0.641212,0.633702,0.622415,0.609460,0.596988,0.586852,0.580643,0.580545,0.578950,0.581957,0.602007,0.619904,0.623026,0.620525,0.623155,0.643672,0.655296,0.662054,0.647078,0.631661,0.005349,0.005568,0.006146,0.007083,0.008329,0.009889,0.011985,0.015720,0.013828,0.011784,0.016696,0.013262,0.012396,0.012349,0.011119,0.011209,0.009810,0.009669,0.008625,0.006316
33,0.632390,0.624780,0.613351,0.600234,0.587605,0.577342,0.571059,0.570981,0.569346,0.572388,0.592841,0.611052,0.614193,0.611581,0.614223,0.635225,0.647108,0.654025,0.638756,0.622991,0.005506,0.005722,0.006300,0.007241,0.008500,0.010084,0.012218,0.016032,0.014098,0.012014,0.017058,0.013532,0.012660,0.012629,0.011377,0.011491,0.010022,0.009862,0.008788,0.006438
34,0.623703,0.615988,0.604414,0.591138,0.578358,0.567971,0.561617,0.561560,0.559883,0.562953,0.583801,0.602318,0.605470,0.602741,0.605391,0.626876,0.639009,0.646092,0.630539,0.614445,0.005651,0.005860,0.006433,0.007374,0.008643,0.010249,0.012424,0.016318,0.014343,0.012219,0.017400,0.013784,0.012905,0.012910,0.011639,0.011771,0.010235,0.010039,0.008937,0.006548
35,0.615131,0.607325,0.595625,0.582205,0.569285,0.558785,0.552365,0.552330,0.550609,0.553706,0.574934,0.593735,0.596903,0.594054,0.596694,0.618639,0.631014,0.638265,0.622414,0.605982,0.005780,0.005977,0.006541,0.007482,0.008761,0.010391,0.012608,0.016584,0.014568,0.012408,0.017724,0.014040,0.013124,0.013152,0.011855,0.012015,0.010429,0.010218,0.009082,0.006656
36,0.606732,0.598846,0.587033,0.573486,0.560444,0.549844,0.543368,0.543359,0.541597,0.544716,0.566309,0.585380,0.588559,0.585584,0.588201,0.610589,0.623197,0.630615,0.614491,0.597727,0.005918,0.006098,0.006645,0.007579,0.008864,0.010514,0.012771,0.016829,0.014771,0.012576,0.018035,0.014299,0.013316,0.013363,0.012045,0.012235,0.010612,0.010384,0.009218,0.006760
37,0.598470,0.590522,0.578616,0.564959,0.551808,0.541117,0.534588,0.534602,0.532790,0.535924,0.557868,0.577189,0.580380,0.577277,0.579850,0.602667,0.615499,0.623075,0.606680,0.589600,0.006047,0.006207,0.006735,0.007660,0.008949,0.010618,0.012914,0.017053,0.014952,0.012727,0.018333,0.014545,0.013501,0.013579,0.012231,0.012445,0.010797,0.010544,0.009340,0.006843
38,0.590360,0.582356,0.570360,0.556596,0.543336,0.532552,0.525968,0.526003,0.524133,0.527267,0.549547,0.569111,0.572312,0.569076,0.571599,0.594845,0.607896,0.615621,0.598969,0.581580,0.006153,0.006287,0.006793,0.007705,0.008998,0.010687,0.013024,0.017247,0.015109,0.012863,0.018620,0.014796,0.013666,0.013784,0.012399,0.012635,0.010968,0.010686,0.009434,0.006898
39,0.582364,0.574293,0.562205,0.548337,0.534975,0.524106,0.517472,0.517531,0.515608,0.518742,0.541352,0.561154,0.564354,0.560986,0.563461,0.587126,0.600375,0.608240,0.591350,0.573648,0.006249,0.006358,0.006844,0.007748,0.009046,0.010757,0.013134,0.017439,0.015265,0.013001,0.018906,0.015052,0.013838,0.013990,0.012569,0.012827,0.011139,0.010831,0.009528,0.006952
40,0.574487,0.566362,0.554200,0.540246,0.526800,0.515862,0.509190,0.509279,0.507305,0.510437,0.533363,0.553391,0.556585,0.553080,0.555501,0.579562,0.593007,0.601009,0.583883,0.565864,0.006337,0.006428,0.006898,0.007796,0.009101,0.010831,0.013246,0.017629,0.015419,0.013136,0.019183,0.015306,0.014010,0.014186,0.012725,0.013003,0.011289,0.010967,0.009606,0.006999
41,0.566684,0.558513,0.546283,0.532250,0.518723,0.507715,0.501001,0.501110,0.499080,0.502204,0.525437,0.545678,0.548862,0.545208,0.547563,0.572012,0.585673,0.593790,0.576433,0.558085,0.006429,0.006505,0.006963,0.007856,0.009167,0.010915,0.013366,0.017822,0.015575,0.013267,0.019450,0.015548,0.014177,0.014386,0.012883,0.013172,0.011435,0.011100,0.009689,0.007063
42,0.558968,0.550758,0.538471,0.524369,0.510772,0.499704,0.492954,0.493087,0.491004,0.494121,0.517655,0.538104,0.541272,0.537461,0.539738,0.564557,0.578425,0.586683,0.569104,0.550441,0.006523,0.006585,0.007027,0.007910,0.009221,0.010984,0.013466,0.017995,0.015710,0.013380,0.019700,0.015768,0.014331,0.014590,0.013049,0.013346,0.011581,0.011229,0.009771,0.007124
43,0.551340,0.543084,0.530734,0.516559,0.502890,0.491759,0.484971,0.485122,0.482983,0.486094,0.509923,0.530585,0.533726,0.529772,0.531975,0.557155,0.571226,0.579642,0.561857,0.542897,0.006615,0.006666,0.007095,0.007970,0.009284,0.011062,0.013579,0.018177,0.015855,0.013500,0.019949,0.015988,0.014500,0.014797,0.013214,0.013510,0.011721,0.011352,0.009853,0.007197
44,0.543774,0.535467,0.523050,0.508804,0.495064,0.483875,0.477052,0.477224,0.475033,0.478134,0.502254,0.523123,0.526238,0.522134,0.524267,0.549824,0.564094,0.572672,0.554683,0.535436,0.006714,0.006753,0.007169,0.008035,0.009349,0.011140,0.013686,0.018350,0.015989,0.013610,0.020190,0.016202,0.014659,0.015007,0.013386,0.013672,0.011860,0.011457,0.009921,0.007278
45,0.536310,0.527944,0.515459,0.501142,0.487334,0.476087,0.469232,0.469424,0.467181,0.470270,0.494670,0.515749,0.518831,0.514574,0.516638,0.542564,0.557032,0.565772,0.547564,0.528046,0.006809,0.006834,0.007234,0.008089,0.009402,0.011206,0.013781,0.018513,0.016113,0.013706,0.020420,0.016417,0.014796,0.015205,0.013543,0.013812,0.011979,0.011545,0.009982,0.007384
46,0.528912,0.520492,0.507946,0.493565,0.479698,0.468404,0.461522,0.461739,0.459445,0.462520,0.487196,0.508471,0.511529,0.507114,0.509111,0.535391,0.550053,0.558961,0.540534,0.520740,0.006892,0.006899,0.007280,0.008125,0.009439,0.011258,0.013865,0.018665,0.016229,0.013796,0.020644,0.016643,0.014909,0.015376,0.013675,0.013934,0.012077,0.011621,0.010034,0.007498
47,0.521597,0.513124,0.500522,0.486084,0.472164,0.460826,0.453921,0.454161,0.451821,0.454888,0.479838,0.501303,0.504335,0.499766,0.501699,0.528318,0.543184,0.552249,0.533616,0.513530,0.006962,0.006951,0.007318,0.008157,0.009477,0.011314,0.013955,0.018822,0.016349,0.013884,0.020858,0.016879,0.015016,0.015524,0.013777,0.014025,0.012152,0.011686,0.010077,0.007603
48,0.514407,0.505883,0.493227,0.478739,0.464773,0.453399,0.446476,0.446744,0.444358,0.447411,0.472621,0.494267,0.497264,0.492534,0.494400,0.521366,0.536441,0.545657,0.526830,0.506448,0.007043,0.007014,0.007362,0.008189,0.009510,0.011359,0.014029,0.018960,0.016449,0.013954,0.021054,0.017105,0.015100,0.015669,0.013879,0.014121,0.012236,0.011749,0.010110,0.007710
49,0.507362,0.498804,0.486115,0.471595,0.457601,0.446204,0.439272,0.439571,0.437137,0.440166,0.465613,0.487422,0.490388,0.485496,0.487288,0.514598,0.529876,0.539242,0.520232,0.499546,0.007122,0.007076,0.007406,0.008221,0.009539,0.011398,0.014094,0.019085,0.016540,0.014026,0.021257,0.017338,0.015185,0.015823,0.013999,0.014231,0.012320,0.011804,0.010125,0.007822
50,0.500407,0.491816,0.479096,0.464548,0.450527,0.439108,0.432166,0.432495,0.430015,0.433020,0.458698,0.480664,0.483590,0.478526,0.480248,0.507909,0.523384,0.532892,0.513704,0.492729,0.007191,0.007133,0.007450,0.008256,0.009573,0.011442,0.014161,0.019210,0.016633,0.014101,0.021455,0.017558,0.015270,0.015973,0.014122,0.014353,0.012422,0.011880,0.010157,0.007934
51,0.493604,0.484981,0.472233,0.457660,0.443619,0.432184,0.425237,0.425599,0.423077,0.426064,0.451974,0.474085,0.476962,0.471713,0.473356,0.501356,0.517016,0.526653,0.507297,0.486044,0.007268,0.007197,0.007500,0.008295,0.009608,0.011482,0.014222,0.019325,0.016713,0.014156,0.021634,0.017765,0.015333,0.016094,0.014222,0.014457,0.012523,0.011964,0.010189,0.008046
52,0.486910,0.478262,0.465496,0.450910,0.436858,0.425415,0.418468,0.418865,0.416302,0.419268,0.445394,0.467648,0.470467,0.465023,0.466586,0.494916,0.510750,0.520505,0.500993,0.479474,0.007365,0.007282,0.007569,0.008349,0.009654,0.011530,0.014286,0.019438,0.016798,0.014233,0.021833,0.017982,0.015398,0.016233,0.014339,0.014573,0.012624,0.012043,0.010219,0.008165
53,0.480296,0.471632,0.458854,0.444258,0.430196,0.418743,0.411792,0.412215,0.409604,0.412541,0.438866,0.461257,0.464028,0.458384,0.459869,0.488527,0.504545,0.514413,0.494750,0.472968,0.007473,0.007381,0.007656,0.008426,0.009726,0.011605,0.014375,0.019570,0.016910,0.014346,0.022064,0.018226,0.015472,0.016385,0.014470,0.014697,0.012724,0.012115,0.010254,0.008292
54,0.473772,0.465094,0.452308,0.437706,0.423638,0.412177,0.405223,0.405669,0.403013,0.405925,0.432449,0.454965,0.457680,0.451829,0.453233,0.482212,0.498385,0.508374,0.488579,0.466558,0.007552,0.007453,0.007721,0.008487,0.009787,0.011674,0.014462,0.019702,0.017017,0.014443,0.022272,0.018465,0.015528,0.016511,0.014575,0.014799,0.012813,0.012180,0.010273,0.008406
55,0.467341,0.458652,0.445861,0.431256,0.417183,0.405717,0.398761,0.399233,0.396529,0.399412,0.426135,0.448773,0.451425,0.445363,0.446678,0.475975,0.492294,0.502398,0.482474,0.460246,0.007626,0.007517,0.007774,0.008530,0.009828,0.011718,0.014522,0.019807,0.017096,0.014512,0.022455,0.018678,0.015573,0.016629,0.014672,0.014900,0.012914,0.012263,0.010317,0.008534
56,0.460979,0.452270,0.439464,0.424848,0.410764,0.399287,0.392325,0.392818,0.390064,0.392915,0.419835,0.442604,0.445190,0.438922,0.440165,0.469787,0.486259,0.496478,0.476434,0.454003,0.007699,0.007583,0.007833,0.008586,0.009882,0.011779,0.014598,0.019926,0.017193,0.014600,0.022649,0.018896,0.015639,0.016773,0.014783,0.015000,0.013006,0.012335,0.010352,0.008665
57,0.454712,0.445996,0.433188,0.418571,0.404486,0.393006,0.386043,0.386559,0.383758,0.386575,0.413681,0.436579,0.439098,0.432622,0.433792,0.463742,0.480367,0.490687,0.470516,0.447886,0.007774,0.007650,0.007889,0.008632,0.009925,0.011826,0.014661,0.020033,0.017278,0.014675,0.022827,0.019091,0.015718,0.016938,0.014915,0.015101,0.013103,0.012399,0.010385,0.008805
58,0.448527,0.439796,0.426980,0.412358,0.398267,0.386779,0.379810,0.380345,0.377493,0.380269,0.407553,0.430574,0.433014,0.426328,0.427422,0.457700,0.474472,0.484883,0.464582,0.441773,0.007842,0.007711,0.007940,0.008676,0.009967,0.011872,0.014724,0.020139,0.017362,0.014747,0.022998,0.019284,0.015799,0.017096,0.015037,0.015197,0.013193,0.012469,0.010415,0.008960
59,0.442446,0.433702,0.420882,0.406261,0.392170,0.380681,0.373713,0.374271,0.371364,0.374093,0.401547,0.424690,0.427059,0.420157,0.421170,0.451768,0.468672,0.479185,0.458777,0.435813,0.007905,0.007764,0.007982,0.008709,0.009996,0.011906,0.014773,0.020230,0.017434,0.014817,0.023174,0.019490,0.015861,0.017246,0.015153,0.015286,0.013274,0.012523,0.010431,0.009097
60,0.436460,0.427698,0.414872,0.400251,0.386164,0.374677,0.367713,0.368298,0.365337,0.368016,0.395631,0.418894,0.421195,0.414075,0.415006,0.445913,0.462951,0.473553,0.453072,0.429949,0.007969,0.007813,0.008013,0.008725,0.010005,0.011916,0.014796,0.020295,0.017482,0.014877,0.023349,0.019695,0.015919,0.017390,0.015273,0.015382,0.013362,0.012572,0.010439,0.009231
61,0.430587,0.421803,0.408973,0.394358,0.380282,0.368805,0.361852,0.362468,0.359459,0.362093,0.389860,0.413234,0.415485,0.408138,0.408997,0.440201,0.457369,0.468048,0.447509,0.424210,0.008038,0.007865,0.008047,0.008743,0.010013,0.011924,0.014816,0.020353,0.017526,0.014938,0.023523,0.019908,0.015948,0.017514,0.015366,0.015449,0.013429,0.012599,0.010427,0.009357
62,0.424807,0.416007,0.403172,0.388561,0.374489,0.363014,0.356063,0.356704,0.353640,0.356224,0.384135,0.407611,0.409805,0.402234,0.403013,0.434519,0.451818,0.462573,0.441987,0.418532,0.008128,0.007941,0.008102,0.008777,0.010034,0.011939,0.014838,0.020410,0.017571,0.015002,0.023699,0.020104,0.015979,0.017653,0.015482,0.015534,0.013513,0.012630,0.010416,0.009471
63,0.419164,0.410349,0.397517,0.382917,0.368857,0.357391,0.350446,0.351110,0.347987,0.350513,0.378554,0.402127,0.404257,0.396452,0.397149,0.428948,0.446351,0.457189,0.436551,0.412974,0.008220,0.008015,0.008153,0.008806,0.010047,0.011946,0.014849,0.020454,0.017602,0.015056,0.023863,0.020284,0.016010,0.017808,0.015614,0.015633,0.013597,0.012652,0.010413,0.009594
64,0.413554,0.404705,0.391860,0.377264,0.363217,0.351764,0.344831,0.345529,0.342354,0.344830,0.373006,0.396681,0.398759,0.390731,0.391356,0.423437,0.440936,0.451865,0.431202,0.407513,0.008311,0.008086,0.008200,0.008830,0.010054,0.011946,0.014853,0.020490,0.017627,0.015109,0.024029,0.020475,0.016037,0.017964,0.015751,0.015724,0.013667,0.012666,0.010408,0.009722
65,0.408014,0.399136,0.386290,0.371712,0.357689,0.346261,0.339352,0.340094,0.336872,0.339299,0.367607,0.391375,0.393395,0.385138,0.385683,0.418018,0.435622,0.446629,0.425946,0.402159,0.008418,0.008170,0.008253,0.008852,0.010051,0.011928,0.014834,0.020500,0.017616,0.015119,0.024155,0.020632,0.016032,0.018093,0.015873,0.015809,0.013751,0.012693,0.010410,0.009856
66,0.402453,0.393551,0.380708,0.366150,0.352157,0.340758,0.333876,0.334662,0.331397,0.333778,0.362215,0.386077,0.388052,0.379573,0.380030,0.412614,0.430314,0.441407,0.420720,0.396844,0.008524,0.008255,0.008311,0.008881,0.010056,0.011919,0.014822,0.020518,0.017614,0.015136,0.024282,0.020791,0.016025,0.018215,0.015976,0.015880,0.013833,0.012721,0.010414,0.009970
67,0.396964,0.388049,0.375217,0.360687,0.346726,0.335357,0.328500,0.329324,0.326011,0.328343,0.356904,0.380861,0.382792,0.374093,0.374451,0.407262,0.425069,0.436246,0.415540,0.391567,0.008618,0.008330,0.008363,0.008910,0.010065,0.011915,0.014817,0.020539,0.017610,0.015146,0.024399,0.020944,0.016024,0.018337,0.016075,0.015941,0.013913,0.012744,0.010411,0.010072
68,0.391561,0.382638,0.369824,0.355326,0.341401,0.330064,0.323231,0.324092,0.320732,0.323017,0.351697,0.375740,0.377622,0.368700,0.368958,0.401993,0.419910,0.431161,0.410445,0.386381,0.008697,0.008389,0.008399,0.008921,0.010058,0.011899,0.014802,0.020554,0.017599,0.015143,0.024500,0.021088,0.016019,0.018451,0.016171,0.016005,0.014002,0.012783,0.010410,0.010161
69,0.386225,0.377295,0.364496,0.350027,0.336134,0.324823,0.318010,0.318904,0.315496,0.317729,0.346526,0.370643,0.372477,0.363338,0.363497,0.396749,0.414787,0.426108,0.405381,0.381257,0.008774,0.008447,0.008433,0.008932,0.010050,0.011879,0.014782,0.020563,0.017577,0.015122,0.024582,0.021224,0.015992,0.018533,0.016238,0.016047,0.014082,0.012829,0.010405,0.010240
70,0.380974,0.372038,0.359258,0.344819,0.330960,0.319677,0.312883,0.313809,0.310353,0.312535,0.341444,0.365637,0.367418,0.358060,0.358113,0.391569,0.409700,0.421099,0.400346,0.376139,0.008849,0.008505,0.008468,0.008942,0.010038,0.011852,0.014752,0.020562,0.017544,0.015088,0.024650,0.021353,0.015960,0.018600,0.016297,0.016083,0.014170,0.012881,0.010405,0.010340
71,0.375825,0.366897,0.354145,0.339746,0.325926,0.314673,0.307899,0.308852,0.305344,0.307470,0.336474,0.360727,0.362459,0.352878,0.352816,0.386469,0.404694,0.416161,0.395357,0.371085,0.008933,0.008571,0.008514,0.008966,0.010043,0.011844,0.014740,0.020576,0.017528,0.015069,0.024727,0.021495,0.015929,0.018668,0.016350,0.016106,0.014239,0.012916,0.010400,0.010441
72,0.370700,0.361757,0.349016,0.334643,0.320855,0.309630,0.302876,0.303861,0.300310,0.302389,0.331492,0.355810,0.357513,0.347723,0.347549,0.381398,0.399727,0.411266,0.390415,0.366072,0.009020,0.008641,0.008565,0.008999,0.010059,0.011848,0.014741,0.020601,0.017523,0.015061,0.024809,0.021650,0.015893,0.018731,0.016399,0.016128,0.014306,0.012950,0.010399,0.010526
73,0.365649,0.356694,0.343965,0.329620,0.315863,0.304665,0.297930,0.298945,0.295345,0.297372,0.326570,0.350955,0.352617,0.342612,0.342332,0.376380,0.394811,0.406420,0.385530,0.361113,0.009117,0.008719,0.008620,0.009028,0.010066,0.011840,0.014727,0.020611,0.017503,0.015042,0.024883,0.021775,0.015866,0.018811,0.016460,0.016163,0.014383,0.012983,0.010387,0.010600
74,0.360675,0.351727,0.339030,0.324731,0.311021,0.299862,0.293154,0.294202,0.290556,0.292531,0.321811,0.346258,0.347863,0.337645,0.337252,0.371486,0.390002,0.401663,0.380723,0.356254,0.009211,0.008793,0.008669,0.009053,0.010069,0.011827,0.014709,0.020615,0.017481,0.015031,0.024964,0.021910,0.015844,0.018886,0.016511,0.016187,0.014451,0.013006,0.010362,0.010666
75,0.355785,0.346863,0.334214,0.319975,0.306321,0.295206,0.288526,0.289605,0.285909,0.287827,0.317184,0.341679,0.343223,0.332792,0.332283,0.366685,0.385270,0.396982,0.375976,0.351429,0.009308,0.008864,0.008711,0.009064,0.010056,0.011799,0.014675,0.020604,0.017441,0.015001,0.025031,0.022038,0.015799,0.018942,0.016540,0.016195,0.014508,0.013031,0.010347,0.010738
76,0.350947,0.342031,0.329413,0.315218,0.301610,0.290533,0.283877,0.284987,0.281241,0.283103,0.312541,0.337088,0.338584,0.327952,0.327327,0.361900,0.380550,0.392331,0.371266,0.346656,0.009414,0.008942,0.008761,0.009089,0.010059,0.011788,0.014659,0.020608,0.017421,0.015000,0.025122,0.022186,0.015764,0.019023,0.016587,0.016211,0.014568,0.013049,0.010332,0.010795
77,0.346190,0.337292,0.324718,0.310580,0.297029,0.285997,0.279372,0.280514,0.276713,0.278514,0.308018,0.332610,0.334055,0.323225,0.322480,0.357226,0.375938,0.387766,0.366655,0.341987,0.009522,0.009024,0.008816,0.009120,0.010073,0.011789,0.014654,0.020620,0.017408,0.015014,0.025223,0.022341,0.015742,0.019120,0.016652,0.016243,0.014630,0.013053,0.010298,0.010853
78,0.341499,0.332624,0.320099,0.306021,0.292528,0.281543,0.274948,0.276121,0.272267,0.274008,0.303572,0.328203,0.329600,0.318560,0.317699,0.352608,0.371372,0.383248,0.362102,0.337384,0.009632,0.009106,0.008869,0.009145,0.010075,0.011775,0.014631,0.020613,0.017378,0.015013,0.025307,0.022480,0.015704,0.019213,0.016722,0.016284,0.014706,0.013052,0.010251,0.010919
79,0.336866,0.328030,0.315566,0.301557,0.288130,0.277195,0.270630,0.271831,0.267920,0.269598,0.299209,0.323871,0.325218,0.313974,0.312999,0.348059,0.366853,0.378775,0.357598,0.332847,0.009765,0.009215,0.008954,0.009204,0.010110,0.011792,0.014636,0.020628,0.017369,0.015026,0.025396,0.022618,0.015663,0.019285,0.016775,0.016311,0.014764,0.013062,0.010229,0.010973
80,0.332303,0.323504,0.311100,0.297159,0.283794,0.272907,0.266372,0.267601,0.263634,0.265250,0.294906,0.319591,0.320894,0.309455,0.308376,0.343590,0.362401,0.374359,0.353172,0.328389,0.009881,0.009312,0.009028,0.009256,0.010141,0.011804,0.014637,0.020640,0.017358,0.015038,0.025478,0.022754,0.015615,0.019361,0.016829,0.016335,0.014823,0.013072,0.010218,0.011035
81,0.327796,0.319044,0.306707,0.292841,0.279545,0.268709,0.262202,0.263455,0.259431,0.260982,0.290679,0.315378,0.316620,0.304980,0.303785,0.339152,0.357983,0.369970,0.348728,0.323900,0.009994,0.009405,0.009102,0.009310,0.010176,0.011824,0.014644,0.020657,0.017350,0.015044,0.025551,0.022879,0.015570,0.019435,0.016875,0.016354,0.014875,0.013082,0.010217,0.011089
82,0.323344,0.314634,0.302364,0.288574,0.275350,0.264569,0.258098,0.259384,0.255312,0.256805,0.286542,0.311252,0.312445,0.300595,0.299261,0.334756,0.353598,0.365603,0.344316,0.319445,0.010108,0.009499,0.009176,0.009365,0.010211,0.011840,0.014647,0.020671,0.017339,0.015044,0.025612,0.022997,0.015521,0.019494,0.016913,0.016365,0.014925,0.013099,0.010219,0.011125
83,0.318970,0.310305,0.298104,0.284393,0.271242,0.260519,0.254084,0.255404,0.251283,0.252716,0.282494,0.307215,0.308346,0.296292,0.294805,0.330415,0.349267,0.361283,0.339929,0.315023,0.010235,0.009605,0.009260,0.009424,0.010247,0.011856,0.014647,0.020679,0.017322,0.015038,0.025667,0.023096,0.015480,0.019558,0.016952,0.016375,0.014979,0.013124,0.010222,0.011151
84,0.314639,0.306042,0.293933,0.280321,0.267262,0.256610,0.250221,0.251579,0.247410,0.248781,0.278583,0.303308,0.304367,0.292100,0.290460,0.326174,0.345018,0.357051,0.335637,0.310708,0.010356,0.009705,0.009339,0.009482,0.010285,0.011877,0.014655,0.020698,0.017316,0.015042,0.025722,0.023182,0.015468,0.019643,0.017011,0.016392,0.015029,0.013134,0.010205,0.011172
85,0.310423,0.301899,0.289883,0.276371,0.263401,0.252818,0.246471,0.247861,0.243642,0.244948,0.274762,0.299481,0.300465,0.287993,0.286201,0.322032,0.340882,0.352910,0.331446,0.306496,0.010454,0.009787,0.009405,0.009534,0.010323,0.011901,0.014669,0.020721,0.017322,0.015064,0.025786,0.023282,0.015456,0.019741,0.017082,0.016418,0.015075,0.013125,0.010178,0.011188
86,0.306246,0.297776,0.285841,0.272419,0.259533,0.249018,0.242714,0.244141,0.239877,0.241124,0.270955,0.295685,0.296597,0.283935,0.281999,0.317949,0.336798,0.348832,0.327319,0.302339,0.010560,0.009883,0.009491,0.009607,0.010382,0.011944,0.014698,0.020755,0.017339,0.015095,0.025857,0.023377,0.015474,0.019862,0.017178,0.016458,0.015129,0.013114,0.010150,0.011214
87,0.302130,0.293727,0.281882,0.268560,0.255767,0.245324,0.239065,0.240528,0.236216,0.237404,0.267251,0.291988,0.292813,0.279972,0.277881,0.313939,0.332786,0.344792,0.323244,0.298219,0.010652,0.009969,0.009567,0.009669,0.010427,0.011973,0.014711,0.020772,0.017331,0.015099,0.025904,0.023449,0.015488,0.019974,0.017255,0.016478,0.015184,0.013112,0.010138,0.011243
88,0.298121,0.289792,0.278045,0.264826,0.252126,0.241754,0.235538,0.237031,0.232670,0.233799,0.263657,0.288407,0.289134,0.276110,0.273865,0.310016,0.328843,0.340832,0.319248,0.294177,0.010739,0.010051,0.009640,0.009731,0.010474,0.012003,0.014725,0.020790,0.017322,0.015093,0.025936,0.023497,0.015522,0.020103,0.017353,0.016513,0.015244,0.013102,0.010121,0.011280
89,0.294168,0.285916,0.274268,0.261153,0.248547,0.238247,0.232073,0.233594,0.229185,0.230256,0.260117,0.284873,0.285504,0.272304,0.269909,0.306159,0.324965,0.336927,0.315312,0.290177,0.010830,0.010140,0.009726,0.009808,0.010539,0.012054,0.014760,0.020825,0.017333,0.015105,0.025976,0.023557,0.015542,0.020222,0.017444,0.016543,0.015291,0.013088,0.010099,0.011314
90,0.290239,0.282062,0.270511,0.257499,0.244985,0.234755,0.228620,0.230163,0.225704,0.226715,0.256577,0.281338,0.281864,0.268497,0.265947,0.302293,0.321097,0.333022,0.311379,0.286193,0.010908,0.010219,0.009806,0.009887,0.010612,0.012116,0.014810,0.020875,0.017355,0.015117,0.026008,0.023602,0.015572,0.020332,0.017525,0.016571,0.015335,0.013086,0.010106,0.011348
91,0.286337,0.278247,0.266807,0.253912,0.241505,0.231357,0.225271,0.226843,0.222338,0.223292,0.253146,0.277898,0.278333,0.264794,0.262093,0.298527,0.317307,0.329192,0.307521,0.282277,0.010976,0.010288,0.009874,0.009952,0.010672,0.012167,0.014850,0.020917,0.017370,0.015125,0.026038,0.023648,0.015596,0.020426,0.017594,0.016586,0.015369,0.013079,0.010119,0.011394
92,0.282412,0.274397,0.263057,0.250270,0.237963,0.227893,0.221855,0.223457,0.218912,0.219815,0.249673,0.274419,0.274753,0.261046,0.258182,0.294712,0.313469,0.325356,0.303660,0.278371,0.011036,0.010349,0.009936,0.010016,0.010733,0.012223,0.014895,0.020965,0.017389,0.015126,0.026054,0.023681,0.015621,0.020525,0.017665,0.016601,0.015403,0.013068,0.010129,0.011432
93,0.278556,0.270625,0.259393,0.246723,0.234524,0.224538,0.218553,0.220186,0.215605,0.216462,0.246322,0.271067,0.271289,0.257405,0.254389,0.291013,0.309743,0.321632,0.299904,0.274566,0.011083,0.010399,0.009991,0.010076,0.010796,0.012282,0.014946,0.021016,0.017411,0.015124,0.026056,0.023697,0.015644,0.020629,0.017754,0.016635,0.015443,0.013061,0.010133,0.011459
94,0.274769,0.266926,0.255810,0.243261,0.231173,0.221272,0.215339,0.216997,0.212376,0.213186,0.243036,0.267766,0.267880,0.253807,0.250638,0.287348,0.306048,0.317936,0.296173,0.270772,0.011128,0.010446,0.010045,0.010138,0.010864,0.012352,0.015010,0.021081,0.017450,0.015144,0.026073,0.023739,0.015678,0.020725,0.017838,0.016653,0.015475,0.013038,0.010128,0.011491
95,0.271027,0.263282,0.252286,0.239863,0.227887,0.218073,0.212189,0.213871,0.209207,0.209965,0.239800,0.264514,0.264521,0.250271,0.246957,0.283741,0.302405,0.314294,0.292483,0.267035,0.011178,0.010501,0.010108,0.010210,0.010943,0.012430,0.015080,0.021148,0.017490,0.015158,0.026080,0.023781,0.015703,0.020814,0.017907,0.016655,0.015502,0.013033,0.010145,0.011518
96,0.267316,0.259673,0.248804,0.236512,0.224654,0.214931,0.209100,0.210808,0.206102,0.206808,0.236618,0.261309,0.261222,0.246799,0.243350,0.280213,0.298848,0.310736,0.288869,0.263378,0.011221,0.010548,0.010160,0.010267,0.011002,0.012486,0.015127,0.021193,0.017508,0.015162,0.026082,0.023808,0.015717,0.020899,0.017977,0.016666,0.015535,0.013031,0.010148,0.011546
97,0.263648,0.256110,0.245368,0.233209,0.221472,0.211841,0.206068,0.207806,0.203061,0.203713,0.233495,0.258169,0.257992,0.243404,0.239834,0.276767,0.295387,0.307263,0.285341,0.259809,0.011265,0.010601,0.010221,0.010333,0.011069,0.012548,0.015179,0.021241,0.017536,0.015179,0.026094,0.023844,0.015742,0.020984,0.018041,0.016668,0.015555,0.013020,0.010144,0.011559
98,0.260028,0.252599,0.241993,0.229976,0.218367,0.208838,0.203127,0.204898,0.200117,0.200719,0.230469,0.255124,0.254858,0.240112,0.236421,0.273415,0.292009,0.303860,0.281862,0.256286,0.011306,0.010651,0.010277,0.010392,0.011126,0.012599,0.015217,0.021275,0.017543,0.015176,0.026096,0.023864,0.015757,0.021049,0.018077,0.016653,0.015553,0.013016,0.010159,0.011589
99,0.256479,0.249158,0.238688,0.226812,0.215333,0.205905,0.200258,0.202064,0.197248,0.197799,0.227515,0.252148,0.251784,0.236883,0.233063,0.270105,0.288675,0.300484,0.278423,0.252794,0.011357,0.010705,0.010330,0.010438,0.011162,0.012622,0.015226,0.021281,0.017525,0.015148,0.026079,0.023870,0.015759,0.021102,0.018105,0.016635,0.015560,0.013016,0.010186,0.011642
100,0.252956,0.245733,0.235389,0.223650,0.212297,0.202971,0.197390,0.199238,0.194392,0.194899,0.224587,0.249203,0.248734,0.233701,0.229761,0.266839,0.285393,0.297149,0.275032,0.249387,0.011419,0.010766,0.010384,0.010479,0.011187,0.012629,0.015216,0.021271,0.017484,0.015093,0.026036,0.023848,0.015759,0.021140,0.018121,0.016615,0.015582,0.013044,0.010238,0.011699
101,0.249500,0.242377,0.232161,0.220560,0.209337,0.200115,0.194602,0.196493,0.191618,0.192083,0.221741,0.246340,0.245762,0.230600,0.226539,0.263630,0.282164,0.293868,0.271695,0.246048,0.011477,0.010822,0.010430,0.010513,0.011204,0.012629,0.015199,0.021252,0.017434,0.015033,0.025987,0.023828,0.015755,0.021174,0.018128,0.016588,0.015604,0.013064,0.010280,0.011750
102,0.246075,0.239046,0.228956,0.217491,0.206394,0.197275,0.191830,0.193761,0.188859,0.189280,0.218899,0.243478,0.242791,0.227500,0.223322,0.260418,0.278922,0.290575,0.268345,0.242689,0.011536,0.010881,0.010484,0.010556,0.011232,0.012640,0.015193,0.021242,0.017395,0.014979,0.025934,0.023791,0.015770,0.021220,0.018143,0.016566,0.015629,0.013090,0.010325,0.011809
103,0.242744,0.235819,0.225862,0.214538,0.203574,0.194559,0.189182,0.191150,0.186221,0.186597,0.216162,0.240712,0.239930,0.224504,0.220211,0.257305,0.275751,0.287331,0.265047,0.239373,0.011586,0.010930,0.010529,0.010592,0.011257,0.012651,0.015188,0.021233,0.017359,0.014925,0.025874,0.023761,0.015780,0.021261,0.018145,0.016527,0.015637,0.013104,0.010356,0.011853
104,0.239420,0.232592,0.222763,0.211579,0.200746,0.191838,0.186531,0.188543,0.183591,0.183922,0.213431,0.237956,0.237093,0.221550,0.217153,0.254257,0.272639,0.284142,0.261802,0.236132,0.011634,0.010976,0.010568,0.010621,0.011273,0.012652,0.015172,0.021214,0.017318,0.014880,0.025826,0.023743,0.015784,0.021293,0.018142,0.016488,0.015650,0.013115,0.010380,0.011894
105,0.236123,0.229395,0.219696,0.208655,0.197954,0.189156,0.183923,0.185983,0.181012,0.181298,0.210741,0.235237,0.234273,0.218607,0.214105,0.251215,0.269501,0.280925,0.258523,0.232860,0.011675,0.011013,0.010598,0.010639,0.011276,0.012640,0.015145,0.021185,0.017276,0.014842,0.025786,0.023718,0.015808,0.021327,0.018138,0.016458,0.015672,0.013139,0.010407,0.011933
106,0.232831,0.226205,0.216640,0.205741,0.195176,0.186488,0.181331,0.183437,0.178444,0.178687,0.208068,0.232532,0.231484,0.215695,0.211092,0.248203,0.266388,0.277744,0.255289,0.229638,0.011710,0.011044,0.010621,0.010651,0.011275,0.012625,0.015114,0.021151,0.017224,0.014799,0.025741,0.023692,0.015829,0.021364,0.018138,0.016429,0.015692,0.013163,0.010427,0.011976
107,0.229593,0.223073,0.213644,0.202890,0.192460,0.183882,0.178798,0.180951,0.175934,0.176132,0.205447,0.229869,0.228738,0.212831,0.208124,0.245230,0.263316,0.274595,0.252117,0.226473,0.011743,0.011074,0.010641,0.010656,0.011262,0.012594,0.015065,0.021098,0.017155,0.014745,0.025695,0.023661,0.015839,0.021385,0.018120,0.016385,0.015707,0.013190,0.010465,0.012020
108,0.226324,0.219908,0.210611,0.200002,0.189706,0.181239,0.176230,0.178431,0.173392,0.173542,0.202786,0.227168,0.225961,0.209932,0.205125,0.242237,0.260244,0.271438,0.248918,0.223286,0.011791,0.011116,0.010673,0.010673,0.011261,0.012574,0.015028,0.021054,0.017099,0.014711,0.025665,0.023650,0.015851,0.021410,0.018109,0.016339,0.015722,0.013209,0.010501,0.012058
109,0.223115,0.216796,0.207628,0.197157,0.186992,0.178632,0.173696,0.175942,0.170879,0.170980,0.200148,0.224484,0.223213,0.207069,0.202163,0.239291,0.257217,0.268324,0.245768,0.220173,0.011835,0.011158,0.010709,0.010697,0.011271,0.012567,0.015001,0.021019,0.017052,0.014685,0.025643,0.023651,0.015858,0.021427,0.018090,0.016286,0.015732,0.013219,0.010538,0.012105
110,0.219940,0.213718,0.204678,0.194347,0.184315,0.176064,0.171203,0.173501,0.168419,0.168472,0.197562,0.221858,0.220526,0.204276,0.199276,0.236406,0.254248,0.265287,0.242677,0.217119,0.011897,0.011217,0.010756,0.010728,0.011281,0.012554,0.014965,0.020973,0.016999,0.014661,0.025620,0.023627,0.015882,0.021475,0.018089,0.016249,0.015740,0.013218,0.010563,0.012151
111,0.216763,0.210630,0.201712,0.191518,0.181619,0.173480,0.168701,0.171057,0.165967,0.165982,0.194994,0.219255,0.217884,0.201531,0.196437,0.233559,0.251307,0.262278,0.239607,0.214089,0.011955,0.011273,0.010805,0.010762,0.011293,0.012542,0.014929,0.020925,0.016949,0.014641,0.025599,0.023610,0.015904,0.021511,0.018080,0.016202,0.015742,0.013205,0.010580,0.012193
112,0.213609,0.207559,0.198757,0.188693,0.178918,0.170885,0.166181,0.168592,0.163493,0.163466,0.192399,0.216629,0.215215,0.198762,0.193579,0.230705,0.248365,0.259277,0.236526,0.211029,0.012011,0.011329,0.010854,0.010797,0.011309,0.012535,0.014898,0.020883,0.016903,0.014624,0.025577,0.023585,0.015947,0.021565,0.018083,0.016158,0.015734,0.013179,0.010585,0.012230
113,0.210439,0.204460,0.195762,0.185817,0.176161,0.168229,0.163598,0.166064,0.160955,0.160892,0.189757,0.213962,0.212519,0.195970,0.190708,0.227853,0.245423,0.256290,0.233469,0.207997,0.012067,0.011384,0.010904,0.010836,0.011332,0.012539,0.014879,0.020853,0.016869,0.014619,0.025568,0.023563,0.015992,0.021611,0.018076,0.016115,0.015718,0.013156,0.010590,0.012255
114,0.207288,0.201368,0.192764,0.182932,0.173389,0.165556,0.160998,0.163516,0.158398,0.158304,0.187108,0.211296,0.209830,0.193203,0.187862,0.225018,0.242510,0.253334,0.230445,0.205012,0.012100,0.011413,0.010926,0.010848,0.011329,0.012519,0.014841,0.020807,0.016815,0.014594,0.025547,0.023535,0.016035,0.021649,0.018056,0.016059,0.015695,0.013133,0.010588,0.012261
115,0.204128,0.198253,0.189731,0.180004,0.170570,0.162835,0.158352,0.160931,0.155809,0.155684,0.184429,0.208601,0.207129,0.190425,0.185002,0.222164,0.239579,0.250373,0.227434,0.202047,0.012134,0.011442,0.010945,0.010851,0.011315,0.012486,0.014788,0.020748,0.016751,0.014568,0.025531,0.023519,0.016066,0.021677,0.018027,0.016004,0.015674,0.013112,0.010575,0.012258
116,0.201018,0.195198,0.186772,0.177160,0.167846,0.160216,0.155813,0.158454,0.153331,0.153176,0.181864,0.206010,0.204530,0.187757,0.182235,0.219392,0.236716,0.247473,0.224482,0.199141,0.012163,0.011461,0.010950,0.010839,0.011282,0.012433,0.014717,0.020672,0.016668,0.014518,0.025493,0.023485,0.016084,0.021681,0.017977,0.015947,0.015664,0.013122,0.010583,0.012241
117,0.197950,0.192190,0.183861,0.174369,0.165175,0.157651,0.153329,0.156031,0.150909,0.150723,0.179349,0.203462,0.201970,0.185133,0.179501,0.216657,0.233895,0.244631,0.221591,0.196305,0.012185,0.011473,0.010948,0.010820,0.011246,0.012379,0.014645,0.020596,0.016581,0.014456,0.025436,0.023426,0.016095,0.021693,0.017936,0.015909,0.015660,0.013126,0.010589,0.012223
118,0.194953,0.189251,0.181018,0.171642,0.162566,0.155147,0.150903,0.153665,0.148543,0.148324,0.176886,0.200960,0.199463,0.182556,0.176826,0.213980,0.231128,0.241852,0.218776,0.193548,0.012201,0.011479,0.010939,0.010793,0.011201,0.012316,0.014565,0.020513,0.016494,0.014400,0.025389,0.023392,0.016086,0.021697,0.017883,0.015860,0.015649,0.013123,0.010595,0.012205
119,0.191992,0.186360,0.178235,0.168985,0.160036,0.152727,0.148566,0.151393,0.146273,0.146020,0.174510,0.198533,0.197030,0.180053,0.174234,0.211380,0.228427,0.239154,0.216049,0.190879,0.012231,0.011497,0.010940,0.010773,0.011157,0.012250,0.014479,0.020422,0.016403,0.014349,0.025347,0.023362,0.016067,0.021708,0.017831,0.015806,0.015618,0.013095,0.010583,0.012209
120,0.189072,0.183512,0.175494,0.166369,0.157546,0.150346,0.146267,0.149155,0.144040,0.143756,0.172172,0.196143,0.194642,0.177595,0.171681,0.208812,0.225769,0.236492,0.213358,0.188218,0.012275,0.011533,0.010960,0.010770,0.011128,0.012196,0.014403,0.020337,0.016318,0.014304,0.025312,0.023327,0.016038,0.021701,0.017761,0.015748,0.015579,0.013063,0.010570,0.012206
121,0.186211,0.180712,0.172791,0.163782,0.155075,0.147978,0.143976,0.146921,0.141805,0.141490,0.169838,0.193766,0.192284,0.175168,0.169154,0.206275,0.223148,0.233879,0.210706,0.185594,0.012309,0.011557,0.010968,0.010756,0.011091,0.012135,0.014321,0.020247,0.016225,0.014254,0.025278,0.023315,0.016006,0.021679,0.017676,0.015673,0.015532,0.013032,0.010549,0.012194
122,0.183481,0.178048,0.170225,0.161331,0.152737,0.145737,0.141805,0.144796,0.139678,0.139329,0.167600,0.191479,0.190002,0.172816,0.166709,0.203804,0.220580,0.231328,0.208128,0.183050,0.012357,0.011598,0.010995,0.010763,0.011075,0.012097,0.014260,0.020173,0.016153,0.014222,0.025257,0.023311,0.015964,0.021643,0.017577,0.015586,0.015464,0.012986,0.010533,0.012196
123,0.180770,0.175396,0.167666,0.158880,0.150395,0.143490,0.139625,0.142664,0.137547,0.137164,0.165354,0.189196,0.187740,0.170477,0.164293,0.201363,0.218042,0.228827,0.205611,0.180572,0.012432,0.011668,0.011051,0.010798,0.011083,0.012077,0.014212,0.020107,0.016095,0.014209,0.025251,0.023309,0.015927,0.021606,0.017485,0.015503,0.015395,0.012947,0.010534,0.012214
124,0.178141,0.172821,0.165179,0.156501,0.148126,0.141318,0.137525,0.140614,0.135502,0.135092,0.163198,0.186999,0.185566,0.168223,0.161967,0.198997,0.215573,0.226389,0.203131,0.178113,0.012494,0.011728,0.011101,0.010829,0.011090,0.012056,0.014162,0.020036,0.016034,0.014200,0.025244,0.023300,0.015890,0.021557,0.017389,0.015427,0.015326,0.012918,0.010538,0.012239
125,0.175573,0.170310,0.162759,0.154190,0.145925,0.139213,0.135491,0.138629,0.133515,0.133071,0.161082,0.184850,0.183440,0.165999,0.159669,0.196649,0.213112,0.223968,0.200670,0.175669,0.012556,0.011794,0.011160,0.010870,0.011105,0.012041,0.014116,0.019963,0.015977,0.014209,0.025249,0.023300,0.015857,0.021531,0.017309,0.015356,0.015268,0.012888,0.010545,0.012258
126,0.173101,0.167897,0.160439,0.151982,0.143829,0.137215,0.133565,0.136752,0.131637,0.131158,0.159067,0.182793,0.181384,0.163840,0.157427,0.194340,0.210683,0.221574,0.198239,0.173265,0.012609,0.011848,0.011207,0.010900,0.011111,0.012020,0.014065,0.019886,0.015917,0.014211,0.025245,0.023293,0.015824,0.021495,0.017220,0.015286,0.015207,0.012866,0.010562,0.012267
127,0.170638,0.165503,0.158149,0.149813,0.141782,0.135275,0.131704,0.134942,0.129829,0.129320,0.157126,0.180799,0.179370,0.161723,0.155230,0.192058,0.208283,0.219200,0.195851,0.170931,0.012653,0.011898,0.011255,0.010938,0.011131,0.012016,0.014032,0.019827,0.015869,0.014216,0.025235,0.023276,0.015799,0.021462,0.017139,0.015216,0.015154,0.012847,0.010592,0.012263
128,0.168211,0.163155,0.155913,0.147706,0.139802,0.133403,0.129911,0.133197,0.128082,0.127538,0.155235,0.178854,0.177394,0.159633,0.153057,0.189800,0.205916,0.216865,0.193495,0.168649,0.012718,0.011972,0.011330,0.011003,0.011176,0.012035,0.014020,0.019781,0.015835,0.014236,0.025234,0.023259,0.015790,0.021444,0.017068,0.015150,0.015096,0.012816,0.010623,0.012249
129,0.165829,0.160851,0.153719,0.145637,0.137855,0.131562,0.128146,0.131482,0.126365,0.125784,0.153378,0.176949,0.175464,0.157590,0.150928,0.187582,0.203586,0.214573,0.191166,0.166381,0.012788,0.012046,0.011398,0.011056,0.011206,0.012036,0.013989,0.019720,0.015790,0.014247,0.025228,0.023230,0.015786,0.021436,0.017010,0.015100,0.015057,0.012783,0.010637,0.012216
130,0.163494,0.158592,0.151568,0.143609,0.135947,0.129757,0.126415,0.129797,0.124680,0.124068,0.151562,0.175078,0.173576,0.155595,0.148844,0.185424,0.201308,0.212336,0.188883,0.164158,0.012865,0.012128,0.011478,0.011125,0.011255,0.012059,0.013979,0.019677,0.015760,0.014262,0.025219,0.023205,0.015776,0.021421,0.016943,0.015036,0.015006,0.012735,0.010659,0.012178
131,0.161225,0.156407,0.149495,0.141659,0.134117,0.128027,0.124755,0.128178,0.123059,0.122409,0.149800,0.173253,0.171737,0.153658,0.146824,0.183336,0.199095,0.210150,0.186652,0.161981,0.012928,0.012197,0.011545,0.011181,0.011293,0.012072,0.013962,0.019628,0.015726,0.014272,0.025208,0.023187,0.015761,0.021400,0.016863,0.014967,0.014952,0.012695,0.010672,0.012129
132,0.158975,0.154239,0.147437,0.139722,0.132297,0.126306,0.123104,0.126568,0.121450,0.120764,0.148053,0.171452,0.169918,0.151751,0.144836,0.181262,0.196912,0.207989,0.184445,0.159836,0.012987,0.012261,0.011606,0.011230,0.011321,0.012073,0.013933,0.019567,0.015682,0.014276,0.025191,0.023156,0.015747,0.021376,0.016780,0.014899,0.014906,0.012670,0.010695,0.012061
133,0.156758,0.152105,0.145411,0.137814,0.130501,0.124604,0.121467,0.124970,0.119849,0.119125,0.146308,0.169649,0.168099,0.149851,0.142859,0.179206,0.194761,0.205864,0.182267,0.157718,0.013037,0.012320,0.011665,0.011281,0.011355,0.012084,0.013913,0.019515,0.015652,0.014296,0.025189,0.023134,0.015737,0.021358,0.016707,0.014840,0.014861,0.012634,0.010707,0.011998
134,0.154592,0.150016,0.143424,0.135941,0.128736,0.122930,0.119856,0.123392,0.118274,0.117513,0.144595,0.167878,0.166315,0.147979,0.140918,0.177197,0.192669,0.203788,0.180144,0.155641,0.013080,0.012371,0.011720,0.011331,0.011393,0.012103,0.013906,0.019475,0.015635,0.014316,0.025176,0.023100,0.015745,0.021348,0.016646,0.014783,0.014814,0.012605,0.010714,0.011944
135,0.152489,0.147987,0.141490,0.134110,0.127002,0.121275,0.118254,0.121815,0.116697,0.115898,0.142875,0.166114,0.164527,0.146095,0.138970,0.175191,0.190593,0.201720,0.178011,0.153565,0.013145,0.012451,0.011809,0.011422,0.011475,0.012166,0.013939,0.019466,0.015654,0.014371,0.025185,0.023071,0.015780,0.021364,0.016606,0.014739,0.014768,0.012561,0.010723,0.011897
136,0.150412,0.145987,0.139590,0.132316,0.125310,0.119667,0.116702,0.120292,0.115175,0.114336,0.141203,0.164398,0.162790,0.144282,0.137100,0.173251,0.188573,0.199677,0.175917,0.151539,0.013222,0.012546,0.011914,0.011526,0.011567,0.012235,0.013974,0.019455,0.015678,0.014441,0.025210,0.023041,0.015828,0.021391,0.016579,0.014705,0.014725,0.012514,0.010714,0.011830
137,0.148378,0.144036,0.137744,0.130581,0.123677,0.118118,0.115209,0.118827,0.113711,0.112828,0.139580,0.162716,0.161089,0.142504,0.135255,0.171336,0.186579,0.197649,0.173864,0.149556,0.013304,0.012646,0.012025,0.011635,0.011663,0.012306,0.014010,0.019442,0.015702,0.014513,0.025237,0.023020,0.015871,0.021411,0.016539,0.014661,0.014674,0.012460,0.010701,0.011767
138,0.146387,0.142126,0.135933,0.128874,0.122066,0.116584,0.113725,0.117364,0.112243,0.111317,0.137958,0.161044,0.159391,0.140730,0.133425,0.169436,0.184604,0.195670,0.171890,0.147669,0.013390,0.012755,0.012148,0.011761,0.011779,0.012400,0.014068,0.019449,0.015742,0.014594,0.025268,0.022995,0.015926,0.021445,0.016517,0.014630,0.014626,0.012396,0.010678,0.011715
139,0.144429,0.140245,0.134150,0.127196,0.120486,0.115086,0.112281,0.115946,0.110825,0.109862,0.136392,0.159421,0.157742,0.139000,0.131629,0.167561,0.182672,0.193732,0.169927,0.145802,0.013458,0.012843,0.012249,0.011866,0.011876,0.012477,0.014114,0.019446,0.015776,0.014673,0.025302,0.022981,0.015971,0.021468,0.016480,0.014591,0.014577,0.012335,0.010664,0.011663
140,0.142548,0.138431,0.132422,0.125561,0.118940,0.113611,0.110852,0.114533,0.109408,0.108411,0.134832,0.157803,0.156089,0.137277,0.129833,0.165694,0.180739,0.191814,0.167975,0.143916,0.013518,0.012922,0.012342,0.011965,0.011971,0.012559,0.014168,0.019456,0.015815,0.014747,0.025332,0.022969,0.016026,0.021477,0.016426,0.014534,0.014512,0.012279,0.010665,0.011601
141,0.140706,0.136657,0.130737,0.123975,0.117448,0.112197,0.109489,0.113189,0.108064,0.107035,0.133345,0.156242,0.154505,0.135626,0.128105,0.163895,0.178868,0.189933,0.166063,0.142064,0.013592,0.013018,0.012453,0.012083,0.012085,0.012656,0.014236,0.019474,0.015862,0.014828,0.025363,0.022965,0.016072,0.021484,0.016366,0.014471,0.014445,0.012224,0.010673,0.011543
142,0.138877,0.134891,0.129056,0.122385,0.115946,0.110768,0.108108,0.111825,0.106707,0.105649,0.131846,0.154670,0.152906,0.133961,0.126369,0.162081,0.177000,0.188060,0.164176,0.140219,0.013666,0.013114,0.012565,0.012201,0.012197,0.012750,0.014300,0.019488,0.015909,0.014902,0.025388,0.022952,0.016109,0.021488,0.016307,0.014415,0.014391,0.012176,0.010679,0.011482
143,0.137063,0.133138,0.127383,0.120802,0.114448,0.109340,0.106726,0.110461,0.105348,0.104264,0.130347,0.153100,0.151322,0.132318,0.124659,0.160288,0.175136,0.186192,0.162293,0.138383,0.013760,0.013231,0.012697,0.012338,0.012326,0.012860,0.014377,0.019510,0.015967,0.014997,0.025434,0.022948,0.016145,0.021502,0.016257,0.014362,0.014324,0.012109,0.010678,0.011421
144,0.135295,0.131436,0.125764,0.119272,0.113001,0.107961,0.105390,0.109137,0.104024,0.102908,0.128871,0.151554,0.149767,0.130704,0.122977,0.158513,0.173307,0.184343,0.160423,0.136564,0.013855,0.013348,0.012829,0.012474,0.012454,0.012968,0.014451,0.019530,0.016021,0.015087,0.025476,0.022948,0.016166,0.021499,0.016188,0.014294,0.014249,0.012049,0.010692,0.011362
145,0.133580,0.129774,0.124175,0.117762,0.111567,0.106587,0.104054,0.107808,0.102694,0.101545,0.127395,0.150003,0.148205,0.129081,0.121288,0.156724,0.171465,0.182499,0.158574,0.134757,0.013948,0.013458,0.012949,0.012594,0.012565,0.013059,0.014512,0.019539,0.016058,0.015156,0.025500,0.022953,0.016167,0.021496,0.016131,0.014230,0.014182,0.011991,0.010699,0.011297
146,0.131860,0.128113,0.122589,0.116258,0.110138,0.105219,0.102723,0.106482,0.101364,0.100181,0.125918,0.148440,0.146630,0.127432,0.119579,0.154917,0.169629,0.180658,0.156744,0.132971,0.014054,0.013577,0.013074,0.012717,0.012676,0.013150,0.014571,0.019546,0.016093,0.015225,0.025526,0.022968,0.016176,0.021496,0.016080,0.014167,0.014122,0.011932,0.010695,0.011216
147,0.130146,0.126462,0.121019,0.114775,0.108737,0.103885,0.101430,0.105197,0.100082,0.098872,0.124499,0.146933,0.145114,0.125836,0.117930,0.153188,0.167842,0.178890,0.154984,0.131242,0.014153,0.013689,0.013193,0.012835,0.012785,0.013240,0.014632,0.019556,0.016133,0.015292,0.025549,0.022989,0.016187,0.021499,0.016031,0.014112,0.014064,0.011861,0.010681,0.011121
148,0.128462,0.124850,0.119497,0.113346,0.107395,0.102612,0.100202,0.103980,0.098869,0.097631,0.123142,0.145488,0.143663,0.124317,0.116363,0.151523,0.166109,0.177181,0.153257,0.129567,0.014246,0.013795,0.013305,0.012945,0.012883,0.013316,0.014676,0.019544,0.016156,0.015358,0.025573,0.023010,0.016180,0.021498,0.015979,0.014069,0.014011,0.011784,0.010650,0.011048
149,0.126842,0.123296,0.118025,0.111961,0.106090,0.101374,0.099005,0.102792,0.097687,0.096417,0.121810,0.144066,0.142236,0.122818,0.114833,0.149889,0.164394,0.175482,0.151537,0.127932,0.014349,0.013914,0.013433,0.013069,0.012993,0.013401,0.014723,0.019528,0.016176,0.015423,0.025596,0.023024,0.016173,0.021507,0.015937,0.014037,0.013974,0.011720,0.010632,0.010962
150,0.125222,0.121743,0.116558,0.110587,0.104804,0.100159,0.097838,0.101642,0.096549,0.095252,0.120529,0.142677,0.140850,0.121355,0.113335,0.148281,0.162706,0.173842,0.149889,0.126371,0.014438,0.014010,0.013529,0.013158,0.013065,0.013447,0.014731,0.019479,0.016161,0.015456,0.025593,0.023034,0.016148,0.021508,0.015884,0.013994,0.013955,0.011675,0.010615,0.010873
151,0.123627,0.120208,0.115100,0.109214,0.103511,0.098933,0.096657,0.100475,0.095394,0.094069,0.119233,0.141275,0.139457,0.119887,0.111836,0.146674,0.161040,0.172205,0.148245,0.124793,0.014529,0.014105,0.013621,0.013239,0.013126,0.013481,0.014728,0.019418,0.016134,0.015478,0.025583,0.023046,0.016113,0.021488,0.015810,0.013941,0.013931,0.011630,0.010585,0.010786
152,0.122143,0.118787,0.113758,0.107956,0.102332,0.097818,0.095583,0.099413,0.094344,0.092991,0.118039,0.139963,0.138145,0.118485,0.110406,0.145136,0.159420,0.170630,0.146637,0.123263,0.014628,0.014213,0.013732,0.013343,0.013215,0.013543,0.014753,0.019380,0.016135,0.015524,0.025586,0.023039,0.016103,0.021486,0.015754,0.013905,0.013904,0.011586,0.010568,0.010710
153,0.120721,0.117431,0.112481,0.106760,0.101208,0.096752,0.094553,0.098389,0.093327,0.091939,0.116862,0.138669,0.136872,0.117113,0.108990,0.143595,0.157800,0.169062,0.145011,0.121711,0.014721,0.014313,0.013832,0.013435,0.013288,0.013590,0.014761,0.019327,0.016126,0.015571,0.025593,0.023037,0.016085,0.021478,0.015697,0.013869,0.013883,0.011539,0.010554,0.010635
154,0.119286,0.116061,0.111190,0.105549,0.100071,0.095674,0.093512,0.097356,0.092307,0.090886,0.115690,0.137382,0.135612,0.115753,0.107586,0.142055,0.156163,0.167457,0.143355,0.120114,0.014808,0.014408,0.013926,0.013520,0.013356,0.013631,0.014764,0.019267,0.016111,0.015609,0.025592,0.023030,0.016046,0.021465,0.015654,0.013848,0.013867,0.011473,0.010524,0.010554
155,0.117813,0.114649,0.109852,0.104289,0.098884,0.094545,0.092421,0.096277,0.091248,0.089802,0.114490,0.136073,0.134340,0.114389,0.106184,0.140515,0.154522,0.165848,0.141727,0.118550,0.014904,0.014514,0.014035,0.013623,0.013443,0.013692,0.014787,0.019225,0.016119,0.015664,0.025601,0.023026,0.016024,0.021458,0.015620,0.013835,0.013861,0.011417,0.010484,0.010469
156,0.116389,0.113280,0.108551,0.103060,0.097722,0.093437,0.091349,0.095212,0.090200,0.088726,0.113288,0.134776,0.133077,0.113041,0.104809,0.138997,0.152900,0.164266,0.140122,0.116983,0.015000,0.014623,0.014151,0.013738,0.013547,0.013775,0.014835,0.019204,0.016150,0.015747,0.025626,0.023020,0.016026,0.021469,0.015599,0.013826,0.013845,0.011348,0.010444,0.010406
157,0.115019,0.111966,0.107305,0.101885,0.096611,0.092378,0.090321,0.094190,0.089195,0.087693,0.112118,0.133511,0.131847,0.111718,0.103452,0.137487,0.151301,0.162714,0.138560,0.115446,0.015081,0.014719,0.014258,0.013848,0.013652,0.013863,0.014892,0.019196,0.016198,0.015843,0.025656,0.023011,0.016043,0.021491,0.015586,0.013827,0.013834,0.011275,0.010402,0.010345
158,0.113694,0.110709,0.106127,0.100784,0.095580,0.091402,0.089379,0.093250,0.088269,0.086738,0.111022,0.132317,0.130685,0.110455,0.102135,0.136019,0.149752,0.161210,0.137031,0.113964,0.015159,0.014816,0.014369,0.013965,0.013766,0.013962,0.014959,0.019195,0.016250,0.015943,0.025688,0.023005,0.016049,0.021502,0.015560,0.013813,0.013822,0.011199,0.010369,0.010290
159,0.112349,0.109434,0.104930,0.099665,0.094530,0.090405,0.088413,0.092287,0.087323,0.085763,0.109904,0.131113,0.129502,0.109199,0.100830,0.134555,0.148208,0.159713,0.135509,0.112473,0.015225,0.014903,0.014473,0.014079,0.013879,0.014063,0.015033,0.019202,0.016314,0.016054,0.025728,0.022994,0.016082,0.021528,0.015545,0.013806,0.013811,0.011135,0.010346,0.010227
160,0.111009,0.108175,0.103760,0.098585,0.093529,0.089467,0.087515,0.091395,0.086458,0.084870,0.108866,0.129980,0.128389,0.108001,0.099578,0.133131,0.146700,0.158245,0.133998,0.110989,0.015288,0.014983,0.014567,0.014182,0.013983,0.014158,0.015101,0.019205,0.016377,0.016160,0.025761,0.022969,0.016131,0.021559,0.015536,0.013805,0.013806,0.011082,0.010332,0.010156
161,0.109643,0.106886,0.102560,0.097474,0.092499,0.088501,0.086590,0.090482,0.085579,0.083966,0.107815,0.128830,0.127266,0.106797,0.098335,0.131713,0.145202,0.156783,0.132480,0.109485,0.015352,0.015061,0.014658,0.014283,0.014086,0.014251,0.015169,0.019209,0.016448,0.016277,0.025809,0.022971,0.016173,0.021591,0.015521,0.013793,0.013799,0.011025,0.010328,0.010094
162,0.108275,0.105604,0.101375,0.096386,0.091499,0.087572,0.085708,0.089613,0.084748,0.083115,0.106821,0.127740,0.126202,0.105652,0.097145,0.130335,0.143725,0.155334,0.130960,0.107977,0.015415,0.015137,0.014747,0.014380,0.014185,0.014343,0.015238,0.019216,0.016517,0.016389,0.025852,0.022943,0.016212,0.021610,0.015511,0.013800,0.013777,0.010961,0.010319,0.010026
163,0.106916,0.104338,0.100211,0.095324,0.090527,0.086671,0.084853,0.088768,0.083944,0.082289,0.105847,0.126667,0.125149,0.104513,0.095956,0.128965,0.142237,0.153867,0.129427,0.106430,0.015477,0.015213,0.014835,0.014478,0.014286,0.014439,0.015314,0.019230,0.016598,0.016506,0.025894,0.022916,0.016259,0.021628,0.015511,0.013807,0.013749,0.010886,0.010305,0.009953
164,0.105586,0.103100,0.099076,0.094290,0.089582,0.085798,0.084025,0.087949,0.083168,0.081492,0.104906,0.125630,0.124148,0.103426,0.094810,0.127633,0.140797,0.152441,0.127938,0.104929,0.015541,0.015293,0.014931,0.014586,0.014401,0.014550,0.015405,0.019260,0.016692,0.016635,0.025947,0.022915,0.016312,0.021664,0.015519,0.013805,0.013712,0.010805,0.010293,0.009893
165,0.104232,0.101844,0.097929,0.093251,0.088641,0.084935,0.083214,0.087153,0.082416,0.080729,0.104006,0.124632,0.123192,0.102393,0.093711,0.126348,0.139382,0.151047,0.126488,0.103472,0.015596,0.015358,0.015008,0.014672,0.014491,0.014636,0.015473,0.019269,0.016762,0.016741,0.025981,0.022903,0.016355,0.021683,0.015510,0.013800,0.013686,0.010740,0.010287,0.009836
166,0.102892,0.100607,0.096805,0.092239,0.087728,0.084100,0.082431,0.086383,0.081691,0.079990,0.103123,0.123654,0.122242,0.101372,0.092633,0.125083,0.137987,0.149692,0.125081,0.102082,0.015647,0.015421,0.015083,0.014756,0.014578,0.014719,0.015539,0.019280,0.016834,0.016843,0.026011,0.022883,0.016391,0.021696,0.015510,0.013802,0.013662,0.010674,0.010290,0.009772
167,0.101559,0.099383,0.095699,0.091244,0.086831,0.083279,0.081657,0.085617,0.080967,0.079257,0.102249,0.122686,0.121300,0.100343,0.091553,0.123826,0.136601,0.148344,0.123660,0.100673,0.015698,0.015484,0.015157,0.014839,0.014666,0.014805,0.015610,0.019299,0.016909,0.016943,0.026043,0.022864,0.016441,0.021702,0.015507,0.013802,0.013630,0.010621,0.010305,0.009702
168,0.100278,0.098221,0.094659,0.090319,0.086002,0.082523,0.080946,0.084908,0.080295,0.078571,0.101420,0.121756,0.120395,0.099357,0.090507,0.122609,0.135233,0.147007,0.122243,0.099264,0.015758,0.015556,0.015241,0.014931,0.014760,0.014893,0.015681,0.019314,0.016980,0.017044,0.026077,0.022841,0.016481,0.021702,0.015511,0.013807,0.013597,0.010571,0.010323,0.009622
169,0.099017,0.097067,0.093615,0.089376,0.085146,0.081731,0.080192,0.084155,0.079580,0.077849,0.100559,0.120800,0.119451,0.098324,0.089421,0.121363,0.133836,0.145642,0.120798,0.097829,0.015818,0.015625,0.015316,0.015010,0.014839,0.014967,0.015738,0.019320,0.017041,0.017131,0.026099,0.022800,0.016522,0.021693,0.015513,0.013822,0.013558,0.010522,0.010336,0.009540
170,0.097762,0.095915,0.092569,0.088430,0.084283,0.080932,0.079431,0.083396,0.078861,0.077124,0.099703,0.119849,0.118516,0.097298,0.088359,0.120146,0.132447,0.144296,0.119374,0.096410,0.015882,0.015699,0.015399,0.015098,0.014928,0.015050,0.015806,0.019337,0.017113,0.017229,0.026132,0.022765,0.016568,0.021693,0.015526,0.013838,0.013520,0.010474,0.010356,0.009459
171,0.096510,0.094771,0.091535,0.087498,0.083438,0.080154,0.078693,0.082657,0.078161,0.076420,0.098865,0.118926,0.117608,0.096309,0.087343,0.118959,0.131101,0.142975,0.117950,0.094978,0.015947,0.015776,0.015487,0.015195,0.015029,0.015150,0.015892,0.019370,0.017203,0.017347,0.026183,0.022744,0.016626,0.021698,0.015539,0.013847,0.013473,0.010426,0.010401,0.009381
172,0.095261,0.093633,0.090509,0.086575,0.082602,0.079382,0.077960,0.081924,0.077467,0.075721,0.098032,0.118001,0.116693,0.095334,0.086357,0.117796,0.129756,0.141638,0.116505,0.093531,0.015993,0.015836,0.015558,0.015273,0.015110,0.015227,0.015955,0.019382,0.017267,0.017437,0.026209,0.022713,0.016668,0.021685,0.015541,0.013849,0.013435,0.010389,0.010455,0.009303
173,0.093985,0.092472,0.089464,0.085637,0.081753,0.078601,0.077219,0.081185,0.076770,0.075019,0.097198,0.117074,0.115777,0.094367,0.085388,0.116642,0.128405,0.140280,0.115052,0.092079,0.016045,0.015903,0.015638,0.015362,0.015202,0.015316,0.016029,0.019403,0.017341,0.017538,0.026245,0.022681,0.016718,0.021667,0.015540,0.013848,0.013394,0.010359,0.010511,0.009238
174,0.092763,0.091357,0.088455,0.084724,0.080921,0.077828,0.076480,0.080443,0.076073,0.074321,0.096374,0.116158,0.114858,0.093407,0.084431,0.115498,0.127063,0.138941,0.113595,0.090632,0.016074,0.015948,0.015697,0.015431,0.015277,0.015390,0.016091,0.019418,0.017408,0.017624,0.026270,0.022645,0.016779,0.021641,0.015527,0.013840,0.013357,0.010344,0.010565,0.009170
175,0.091544,0.090246,0.087454,0.083825,0.080108,0.077081,0.075773,0.079736,0.075405,0.073656,0.095587,0.115284,0.113974,0.092480,0.083505,0.114377,0.125748,0.137623,0.112173,0.089208,0.016102,0.015991,0.015753,0.015498,0.015351,0.015464,0.016155,0.019434,0.017471,0.017709,0.026294,0.022608,0.016841,0.021612,0.015513,0.013828,0.013321,0.010330,0.010624,0.009119
176,0.090346,0.089166,0.086492,0.082972,0.079346,0.076387,0.075121,0.079081,0.074790,0.073045,0.094855,0.114450,0.113102,0.091559,0.082599,0.113278,0.124460,0.136304,0.110750,0.087790,0.016134,0.016034,0.015806,0.015559,0.015416,0.015529,0.016210,0.019447,0.017526,0.017782,0.026310,0.022564,0.016894,0.021578,0.015488,0.013811,0.013282,0.010325,0.010695,0.009073
177,0.089148,0.088078,0.085517,0.082102,0.078565,0.075676,0.074452,0.078413,0.074162,0.072425,0.094123,0.113616,0.112225,0.090638,0.081687,0.112170,0.123155,0.134982,0.109343,0.086399,0.016162,0.016072,0.015854,0.015613,0.015474,0.015586,0.016257,0.019450,0.017570,0.017845,0.026316,0.022511,0.016946,0.021545,0.015466,0.013793,0.013248,0.010321,0.010763,0.009041
178,0.087942,0.086972,0.084514,0.081195,0.077740,0.074913,0.073729,0.077689,0.073476,0.071747,0.093334,0.112733,0.111306,0.089680,0.080740,0.111035,0.121840,0.133643,0.107909,0.084970,0.016203,0.016123,0.015913,0.015679,0.015543,0.015653,0.016313,0.019461,0.017625,0.017924,0.026344,0.022476,0.016992,0.021510,0.015439,0.013775,0.013204,0.010305,0.010814,0.009012
179,0.086807,0.085937,0.083579,0.080351,0.076974,0.074205,0.073055,0.077009,0.072831,0.071108,0.092581,0.111890,0.110422,0.088754,0.079825,0.109927,0.120545,0.132312,0.106485,0.083536,0.016238,0.016172,0.015974,0.015750,0.015620,0.015731,0.016383,0.019487,0.017694,0.018013,0.026379,0.022430,0.017041,0.021471,0.015415,0.013774,0.013157,0.010280,0.010863,0.008998
180,0.085742,0.084966,0.082703,0.079563,0.076259,0.073544,0.072424,0.076369,0.072228,0.070510,0.091863,0.111083,0.109583,0.087881,0.078973,0.108885,0.119314,0.131018,0.105109,0.082162,0.016266,0.016215,0.016031,0.015817,0.015694,0.015805,0.016448,0.019508,0.017758,0.018093,0.026402,0.022373,0.017087,0.021421,0.015387,0.013768,0.013113,0.010264,0.010921,0.008980
181,0.084679,0.084002,0.081839,0.078789,0.075559,0.072899,0.071810,0.075743,0.071636,0.069921,0.091148,0.110279,0.108748,0.087014,0.078142,0.107865,0.118087,0.129727,0.103739,0.080786,0.016293,0.016255,0.016081,0.015876,0.015757,0.015868,0.016501,0.019517,0.017809,0.018162,0.026412,0.022322,0.017135,0.021373,0.015366,0.013757,0.013071,0.010242,0.010979,0.008986
182,0.083662,0.083083,0.081013,0.078046,0.074882,0.072268,0.071200,0.075113,0.071032,0.069316,0.090419,0.109465,0.107902,0.086144,0.077306,0.106851,0.116883,0.128461,0.102371,0.079412,0.016324,0.016297,0.016134,0.015936,0.015821,0.015930,0.016555,0.019529,0.017861,0.018232,0.026427,0.022256,0.017193,0.021325,0.015348,0.013754,0.013040,0.010237,0.011050,0.008998
183,0.082691,0.082208,0.080229,0.077342,0.074241,0.071670,0.070621,0.074513,0.070457,0.068743,0.089729,0.108689,0.107107,0.085331,0.076534,0.105898,0.115741,0.127255,0.101063,0.078085,0.016334,0.016316,0.016163,0.015973,0.015864,0.015976,0.016595,0.019531,0.017904,0.018294,0.026433,0.022186,0.017254,0.021286,0.015349,0.013769,0.013017,0.010230,0.011131,0.009018
184,0.081698,0.081300,0.079403,0.076587,0.073542,0.071009,0.069976,0.073845,0.069818,0.068110,0.088983,0.107864,0.106265,0.084472,0.075725,0.104924,0.114559,0.126031,0.099754,0.076769,0.016337,0.016330,0.016187,0.016006,0.015903,0.016018,0.016631,0.019531,0.017943,0.018348,0.026431,0.022107,0.017316,0.021248,0.015350,0.013788,0.013004,0.010244,0.011242,0.009031
185,0.080697,0.080394,0.078588,0.075851,0.072868,0.070377,0.069364,0.073212,0.069216,0.067511,0.088270,0.107070,0.105446,0.083629,0.074933,0.103969,0.113386,0.124820,0.098443,0.075435,0.016355,0.016358,0.016223,0.016048,0.015949,0.016063,0.016669,0.019531,0.017983,0.018401,0.026429,0.022030,0.017375,0.021202,0.015347,0.013804,0.012981,0.010263,0.011357,0.009048
186,0.079690,0.079481,0.077766,0.075110,0.072194,0.069749,0.068760,0.072592,0.068632,0.066933,0.087581,0.106296,0.104655,0.082820,0.074189,0.103081,0.112275,0.123666,0.097164,0.074116,0.016382,0.016394,0.016269,0.016101,0.016006,0.016120,0.016718,0.019538,0.018029,0.018463,0.026435,0.021955,0.017427,0.021153,0.015343,0.013824,0.012955,0.010284,0.011477,0.009066
187,0.078656,0.078545,0.076928,0.074360,0.071517,0.069126,0.068165,0.071986,0.068063,0.066370,0.086911,0.105539,0.103874,0.082013,0.073434,0.102182,0.111153,0.122513,0.095886,0.072820,0.016391,0.016413,0.016296,0.016135,0.016043,0.016156,0.016744,0.019521,0.018053,0.018509,0.026432,0.021875,0.017451,0.021099,0.015331,0.013857,0.012941,0.010302,0.011587,0.009066
188,0.077661,0.077642,0.076117,0.073632,0.070856,0.068513,0.067578,0.071386,0.067494,0.065805,0.086237,0.104771,0.103082,0.081193,0.072654,0.101244,0.110009,0.121337,0.094581,0.071500,0.016409,0.016438,0.016327,0.016170,0.016079,0.016189,0.016765,0.019499,0.018068,0.018548,0.026428,0.021795,0.017470,0.021032,0.015305,0.013878,0.012919,0.010318,0.011685,0.009088
189,0.076696,0.076765,0.075328,0.072923,0.070213,0.067918,0.067008,0.070801,0.066941,0.065259,0.085587,0.104016,0.102301,0.080377,0.071877,0.100314,0.108879,0.120166,0.093291,0.070178,0.016423,0.016458,0.016353,0.016201,0.016113,0.016221,0.016788,0.019480,0.018087,0.018587,0.026424,0.021718,0.017512,0.020976,0.015291,0.013903,0.012907,0.010347,0.011795,0.009120
190,0.075776,0.075932,0.074582,0.072257,0.069612,0.067365,0.066482,0.070263,0.066431,0.064761,0.084985,0.103305,0.101567,0.079605,0.071153,0.099443,0.107799,0.119040,0.092055,0.068900,0.016413,0.016455,0.016356,0.016209,0.016124,0.016230,0.016788,0.019440,0.018084,0.018608,0.026403,0.021619,0.017534,0.020910,0.015267,0.013924,0.012888,0.010375,0.011897,0.009158
191,0.074802,0.075033,0.073761,0.071508,0.068926,0.066726,0.065870,0.069644,0.065847,0.064195,0.084315,0.102541,0.100774,0.078774,0.070385,0.098516,0.106673,0.117864,0.090744,0.067582,0.016396,0.016447,0.016358,0.016218,0.016137,0.016244,0.016793,0.019406,0.018087,0.018635,0.026381,0.021515,0.017558,0.020841,0.015247,0.013957,0.012888,0.010421,0.012014,0.009177
192,0.073847,0.074150,0.072952,0.070768,0.068244,0.066088,0.065258,0.069023,0.065260,0.063625,0.083643,0.101777,0.099988,0.077943,0.069604,0.097580,0.105529,0.116660,0.089418,0.066223,0.016362,0.016422,0.016341,0.016209,0.016132,0.016238,0.016779,0.019351,0.018071,0.018647,0.026348,0.021408,0.017562,0.020772,0.015230,0.014002,0.012900,0.010460,0.012103,0.009194
193,0.072945,0.073332,0.072217,0.070108,0.067645,0.065533,0.064727,0.068477,0.064739,0.063121,0.083035,0.101070,0.099250,0.077172,0.068873,0.096679,0.104426,0.115494,0.088130,0.064925,0.016306,0.016372,0.016299,0.016174,0.016103,0.016212,0.016748,0.019286,0.018041,0.018644,0.026303,0.021296,0.017574,0.020706,0.015216,0.014052,0.012917,0.010509,0.012206,0.009212
194,0.072025,0.072490,0.071455,0.069421,0.067023,0.064959,0.064181,0.067922,0.064212,0.062612,0.082424,0.100356,0.098511,0.076409,0.068152,0.095786,0.103363,0.114377,0.086913,0.063671,0.016255,0.016321,0.016252,0.016132,0.016064,0.016173,0.016702,0.019202,0.017994,0.018632,0.026250,0.021171,0.017575,0.020639,0.015209,0.014109,0.012942,0.010550,0.012298,0.009226
195,0.071072,0.071620,0.070671,0.068718,0.066388,0.064377,0.063631,0.067364,0.063688,0.062107,0.081823,0.099642,0.097765,0.075654,0.067441,0.094876,0.102285,0.113237,0.085679,0.062406,0.016199,0.016265,0.016197,0.016079,0.016013,0.016122,0.016645,0.019110,0.017936,0.018604,0.026187,0.021051,0.017563,0.020557,0.015181,0.014144,0.012961,0.010594,0.012381,0.009248
196,0.070134,0.070751,0.069878,0.067999,0.065734,0.063774,0.063060,0.066788,0.063152,0.061598,0.081227,0.098937,0.097019,0.074912,0.066742,0.093975,0.101211,0.112100,0.084453,0.061160,0.016119,0.016184,0.016117,0.016003,0.015942,0.016054,0.016575,0.019011,0.017873,0.018570,0.026118,0.020945,0.017565,0.020490,0.015175,0.014177,0.012986,0.010629,0.012465,0.009291
197,0.069195,0.069886,0.069094,0.067295,0.065101,0.063198,0.062519,0.066243,0.062645,0.061120,0.080665,0.098270,0.096302,0.074202,0.066071,0.093109,0.100190,0.110984,0.083259,0.059970,0.016039,0.016101,0.016036,0.015925,0.015868,0.015983,0.016501,0.018909,0.017804,0.018531,0.026047,0.020832,0.017566,0.020417,0.015163,0.014209,0.013008,0.010669,0.012544,0.009328
198,0.068286,0.069041,0.068322,0.066597,0.064471,0.062622,0.061981,0.065705,0.062149,0.060657,0.080118,0.097623,0.095602,0.073522,0.065425,0.092271,0.099178,0.109877,0.082097,0.058799,0.015959,0.016020,0.015957,0.015850,0.015796,0.015913,0.016428,0.018804,0.017736,0.018495,0.025973,0.020713,0.017563,0.020349,0.015162,0.014249,0.013040,0.010706,0.012623,0.009365
199,0.067317,0.068136,0.067492,0.065845,0.063791,0.062003,0.061404,0.065134,0.061617,0.060155,0.079533,0.096935,0.094873,0.072815,0.064762,0.091422,0.098159,0.108778,0.080936,0.057610,0.015881,0.015941,0.015880,0.015778,0.015730,0.015851,0.016361,0.018702,0.017675,0.018478,0.025920,0.020615,0.017557,0.020293,0.015165,0.014297,0.013078,0.010722,0.012661,0.009418
200,0.066353,0.067231,0.066656,0.065080,0.063093,0.061361,0.060801,0.064537,0.061060,0.059632,0.078934,0.096226,0.094119,0.072089,0.064077,0.090563,0.097119,0.107655,0.079759,0.056383,0.015815,0.015872,0.015813,0.015715,0.015672,0.015796,0.016305,0.018611,0.017626,0.018466,0.025872,0.020515,0.017561,0.020238,0.015174,0.014339,0.013114,0.010741,0.012720,0.009469
